date,price
2021-09-17,100.000000
2021-09-20,101.384040
2021-09-21,101.159177
2021-09-22,101.631399
2021-09-23,99.791344
2021-09-24,98.226777
2021-09-27,98.234495
2021-09-28,96.492667
2021-09-29,96.072085
2021-09-30,96.293601
2021-10-01,97.162501
2021-10-04,96.953432
2021-10-05,95.886453
2021-10-06,96.320755
2021-10-07,95.265181
2021-10-08,94.644647
2021-10-12,95.911793
2021-10-13,96.990261
2021-10-14,97.650300
2021-10-15,97.004136
2021-10-18,97.882881
2021-10-19,96.152087
2021-10-20,95.522185
2021-10-21,95.319246
2021-10-22,96.386839
2021-10-25,96.180755
2021-10-26,97.047506
2021-10-27,99.251475
2021-10-28,99.034826
2021-10-29,99.716659
2021-11-01,98.600615
2021-11-02,99.053967
2021-11-03,98.171124
2021-11-04,99.066280
2021-11-05,101.113800
2021-11-08,100.659868
2021-11-09,102.056778
2021-11-10,99.977085
2021-11-12,99.305944
2021-11-15,97.976252
2021-11-16,97.764422
2021-11-17,98.211678
2021-11-18,98.884353
2021-11-19,100.242023
2021-11-22,98.668195
2021-11-23,97.791281
2021-11-24,99.125035
2021-11-29,101.173769
2021-11-30,103.290462
2021-12-01,103.537318
2021-12-02,103.785054
2021-12-03,105.496208
2021-12-06,104.030943
2021-12-07,102.836575
2021-12-08,101.196955
2021-12-09,101.204430
2021-12-10,100.980681
2021-12-13,102.618792
2021-12-14,102.389733
2021-12-15,101.458791
2021-12-16,101.234121
2021-12-17,102.407638
2021-12-20,101.710183
2021-12-21,100.789370
2021-12-22,101.489623
2021-12-23,100.342459
2021-12-27,101.037793
2021-12-28,100.584873
2021-12-29,99.228589
2021-12-30,99.911756
2022-01-03,98.125375
2022-01-04,96.822459
2022-01-05,96.400440
2022-01-06,96.408394
2022-01-07,95.989414
2022-01-10,95.997409
2022-01-11,96.645676
2022-01-12,96.653612
2022-01-13,97.308827
2022-01-14,95.810516
2022-01-18,94.557657
2022-01-19,95.399879
2022-01-20,95.407937
2022-01-21,96.902803
2022-01-24,96.266164
2022-01-25,95.848416
2022-01-26,95.013248
2022-01-27,96.497993
2022-01-28,96.935610
2022-01-31,96.084993
2022-02-01,95.880533
2022-02-02,96.100856
2022-02-03,95.473087
2022-02-04,93.609146
2022-02-07,93.821598
2022-02-08,93.218256
2022-02-09,93.226533
2022-02-10,92.228775
2022-02-11,93.441121
2022-02-14,92.439678
2022-02-15,90.866822
2022-02-16,91.460521
2022-02-17,92.060360
2022-02-18,93.470824
2022-02-22,93.479086
2022-02-23,92.477236
2022-02-24,92.685718
2022-02-25,92.493749
2022-02-28,94.939849
2022-03-01,96.209275
2022-03-02,93.496091
2022-03-03,93.504355
2022-03-04,95.157759
2022-03-07,94.540572
2022-03-08,93.520282
2022-03-09,92.517990
2022-03-10,90.748357
2022-03-11,91.145465
2022-03-14,89.038551
2022-03-15,88.672492
2022-03-16,89.243219
2022-03-17,88.501684
2022-03-18,90.014210
2022-03-21,87.579806
2022-03-22,86.680414
2022-03-23,88.142752
2022-03-24,88.336502
2022-03-25,86.696365
2022-03-28,87.246811
2022-03-29,87.986161
2022-03-30,88.921926
2022-03-31,89.684088
2022-04-01,89.692720
2022-04-04,88.945379
2022-04-05,87.287259
2022-04-06,86.214184
2022-04-07,85.162877
2022-04-08,83.961160
2022-04-11,82.620226
2022-04-12,82.962462
2022-04-13,83.139084
2022-04-14,81.329061
2022-04-18,80.854940
2022-04-19,79.910413
2022-04-20,81.672993
2022-04-21,81.034128
2022-04-22,80.882939
2022-04-25,82.024454
2022-04-26,82.362639
2022-04-27,81.551662
2022-04-28,81.398785
2022-04-29,80.763792
2022-05-02,79.039708
2022-05-03,79.669343
2022-05-04,79.992162
2022-05-05,77.838659
2022-05-06,76.657761
2022-05-09,77.256738
2022-05-10,78.314955
2022-05-11,79.397009
2022-05-12,80.188153
2022-05-13,78.638942
2022-05-16,78.801595
2022-05-17,77.596684
2022-05-18,79.120480
2022-05-19,79.439608
2022-05-20,80.388788
2022-05-23,78.988328
2022-05-24,80.557080
2022-05-25,80.725755
2022-05-26,80.416916
2022-05-27,80.744270
2022-05-31,79.178188
2022-06-01,78.879557
2022-06-02,78.889155
2022-06-03,78.592459
2022-06-06,77.393884
2022-06-07,78.302778
2022-06-08,77.559129
2022-06-09,77.568840
2022-06-10,77.280815
2022-06-13,74.116925
2022-06-14,73.713406
2022-06-15,74.552105
2022-06-16,75.123616
2022-06-17,75.845330
2022-06-21,74.576191
2022-06-22,76.577231
2022-06-23,77.174146
2022-06-24,76.448954
2022-06-27,75.735311
2022-06-28,75.888699
2022-06-29,77.060757
2022-06-30,78.262742
2022-07-01,78.728215
2022-07-05,79.661935
2022-07-06,78.284987
2022-07-07,77.393207
2022-07-08,76.372418
2022-07-11,77.704760
2022-07-12,78.466810
2022-07-13,79.241048
2022-07-14,78.789166
2022-07-15,78.951965
2022-07-18,78.350866
2022-07-19,77.907720
2022-07-20,77.917444
2022-07-21,79.293753
2022-07-22,80.552315
2022-07-25,79.930700
2022-07-26,80.097037
2022-07-27,80.106596
2022-07-28,80.273470
2022-07-29,80.599112
2022-08-01,81.891292
2022-08-02,80.610856
2022-08-03,81.258502
2022-08-04,81.107373
2022-08-05,79.690685
2022-08-08,80.641685
2022-08-09,80.492647
2022-08-10,80.029190
2022-08-11,78.338496
2022-08-12,78.803867
2022-08-15,79.119905
2022-08-16,78.975968
2022-08-17,78.375495
2022-08-18,78.536786
2022-08-19,77.343741
2022-08-22,77.058175
2022-08-23,76.774467
2022-08-24,75.913578
2022-08-25,76.936896
2022-08-26,77.536614
2022-08-29,76.954947
2022-08-30,77.259052
2022-08-31,76.681018
2022-09-01,75.250514
2022-09-02,75.543907
2022-09-06,73.596888
2022-09-07,74.568647
2022-09-08,74.162669
2022-09-09,73.897593
2022-09-12,73.091335
2022-09-13,73.371303
2022-09-14,73.925850
2022-09-15,73.798981
2022-09-16,73.264903
2022-09-19,73.275049
2022-09-20,72.347832
2022-09-21,73.561378
2022-09-22,71.569950
2022-09-23,72.102100
2022-09-26,70.686018
2022-09-27,68.824306
2022-09-28,70.944070
2022-09-29,70.826652
2022-09-30,69.826736
2022-10-03,70.589655
2022-10-04,70.981784
2022-10-05,69.978407
2022-10-06,69.615416
2022-10-07,69.010527
2022-10-11,68.294366
2022-10-12,68.545169
2022-10-13,67.718753
2022-10-14,67.493652
2022-10-17,66.920568
2022-10-18,66.931190
2022-10-19,65.685197
2022-10-20,64.697707
2022-10-21,63.735761
2022-10-24,63.007437
2022-10-25,64.504224
2022-10-26,65.282000
2022-10-27,66.075519
2022-10-28,65.747881
2022-10-31,64.979624
2022-11-01,65.878715
2022-11-02,65.776987
2022-11-03,65.452114
2022-11-04,64.471755
2022-11-07,63.729542
2022-11-08,64.382983
2022-11-09,64.070374
2022-11-10,67.187718
2022-11-14,66.735220
2022-11-15,67.792252
2022-11-16,69.362682
2022-11-17,68.884505
2022-11-18,68.532384
2022-11-21,68.663355
2022-11-22,69.648515
2022-11-23,70.783508
2022-11-25,70.793917
2022-11-28,70.804327
2022-11-29,69.933213
2022-11-30,70.068223
2022-12-01,72.114819
2022-12-02,73.183388
2022-12-05,72.394165
2022-12-06,73.739031
2022-12-07,75.125688
2022-12-08,74.856034
2022-12-09,73.218458
2022-12-12,73.094573
2022-12-13,73.643155
2022-12-14,73.789139
2022-12-15,74.346189
2022-12-16,73.671950
2022-12-19,72.474968
2022-12-20,70.925098
2022-12-21,70.935528
2022-12-22,71.073370
2022-12-23,69.947487
2022-12-27,68.609387
2022-12-28,68.022347
2022-12-29,68.749212
2022-12-30,68.160223
2023-01-03,69.252631
2023-01-04,70.125400
2023-01-05,70.511456
2023-01-06,71.925415
2023-01-09,72.066104
2023-01-10,71.042219
2023-01-11,71.952512
2023-01-12,73.414710
2023-01-13,72.755831
2023-01-17,72.369743
2023-01-18,73.710894
2023-01-19,73.316037
2023-01-20,72.130881
2023-01-23,71.750671
2023-01-24,72.675539
2023-01-25,72.685886
2023-01-26,72.696235
2023-01-27,72.442523
2023-01-30,72.190403
2023-01-31,72.331744
2023-02-01,73.670565
2023-02-02,73.680852
2023-02-03,72.619262
2023-02-06,72.104017
2023-02-07,71.466079
2023-02-08,71.734210
2023-02-09,71.102003
2023-02-10,70.103265
2023-02-13,70.613785
2023-02-14,70.373120
2023-02-15,69.885441
2023-02-16,69.037533
2023-02-17,69.535146
2023-02-21,68.334349
2023-02-22,68.823546
2023-02-23,69.562404
2023-02-24,68.963386
2023-02-27,68.974037
2023-02-28,68.984691
2023-03-01,68.514037
2023-03-02,67.812879
2023-03-03,69.374433
2023-03-06,69.141579
2023-03-07,69.639942
2023-03-08,69.650562
2023-03-09,69.661184
2023-03-10,71.932336
2023-03-13,71.942802
2023-03-14,71.053165
2023-03-15,71.960357
2023-03-16,71.841257
2023-03-17,73.294125
2023-03-20,72.639742
2023-03-21,71.606395
2023-03-22,72.263950
2023-03-23,72.536251
2023-03-24,72.810173
2023-03-27,71.128821
2023-03-28,71.139363
2023-03-29,71.022913
2023-03-30,71.543112
2023-03-31,72.459823
2023-04-03,72.865086
2023-04-04,73.407496
2023-04-05,73.956499
2023-04-06,74.238849
2023-04-10,73.167852
2023-04-11,73.178269
2023-04-12,72.922875
2023-04-13,72.275179
2023-04-14,71.637379
2023-04-17,70.756016
2023-04-18,71.018924
2023-04-19,71.029506
2023-04-20,71.549154
2023-04-21,71.176525
2023-04-24,71.826321
2023-04-25,72.879174
2023-04-26,72.232704
2023-04-27,71.467635
2023-04-28,72.642074
2023-05-01,70.464187
2023-05-02,71.995463
2023-05-03,72.265580
2023-05-04,71.886695
2023-05-05,71.511307
2023-05-08,70.508088
2023-05-09,70.393937
2023-05-10,71.031370
2023-05-11,71.935061
2023-05-12,71.303537
2023-05-15,70.556000
2023-05-16,70.192928
2023-05-17,70.079824
2023-05-18,69.721117
2023-05-19,69.244204
2023-05-22,69.013393
2023-05-23,69.144683
2023-05-24,69.034837
2023-05-25,68.566277
2023-05-26,69.175793
2023-05-30,69.916704
2023-05-31,70.546156
2023-06-01,70.681846
2023-06-02,70.193939
2023-06-05,70.081012
2023-06-06,70.339197
2023-06-07,69.365995
2023-06-08,70.109809
2023-06-09,70.120529
2023-06-12,70.378860
2023-06-13,69.527119
2023-06-14,70.027122
2023-06-15,70.657567
2023-06-16,70.543355
2023-06-20,70.929543
2023-06-21,71.192532
2023-06-22,70.324384
2023-06-23,71.084663
2023-06-26,70.969216
2023-06-27,70.854138
2023-06-28,71.242896
2023-06-29,69.878316
2023-06-30,70.754834
2023-07-03,70.515692
2023-07-05,69.540048
2023-07-06,68.826586
2023-07-07,68.361851
2023-07-10,68.372729
2023-07-11,68.620401
2023-07-12,69.470125
2023-07-13,70.214189
2023-07-14,69.855749
2023-07-17,69.744247
2023-07-18,70.122672
2023-07-19,71.003290
2023-07-20,70.140730
2023-07-21,70.151508
2023-07-24,70.039181
2023-07-25,69.682582
2023-07-26,69.815387
2023-07-27,68.380705
2023-07-28,68.746843
2023-07-31,68.876917
2023-08-01,67.824671
2023-08-02,67.142707
2023-08-03,65.469241
2023-08-04,66.700718
2023-08-07,66.038405
2023-08-08,66.833767
2023-08-09,67.072116
2023-08-10,66.403612
2023-08-11,66.079498
2023-08-14,65.868749
2023-08-15,65.549345
2023-08-16,64.907328
2023-08-17,64.596264
2023-08-18,64.929266
2023-08-21,64.191858
2023-08-22,64.521367
2023-08-23,66.160914
2023-08-24,65.839251
2023-08-25,65.850367
2023-08-28,65.972015
2023-08-29,66.652297
2023-08-30,66.663369
2023-08-31,67.013748
2023-09-01,66.012463
2023-09-05,65.036958
2023-09-06,65.156274
2023-09-07,65.275912
2023-09-08,65.614223
2023-09-11,65.189007
2023-09-12,65.417476
2023-09-13,65.537801
2023-09-14,65.005428
2023-09-15,64.694300
2023-09-18,64.919889
2023-09-19,64.609575
2023-09-20,64.941936
2023-09-21,63.263755
2023-09-22,63.584738
2023-09-25,62.167157
2023-09-26,61.880225
2023-09-27,61.595719
2023-09-28,61.803972
2023-09-29,61.618357
2023-10-02,60.851251
2023-10-03,59.538690
2023-10-04,60.297332
2023-10-05,60.120128
2023-10-06,59.571027
2023-10-10,60.519104
2023-10-11,61.688236
2023-10-12,60.440387
2023-10-13,61.218207
2023-10-16,60.365500
2023-10-17,59.719541
2023-10-18,59.177382
2023-10-19,58.195517
2023-10-20,58.385206
2023-10-23,59.117835
2023-10-24,59.588321
2023-10-25,58.414982
2023-10-26,59.147984
2023-10-27,58.977414
2023-10-30,58.898315
2023-10-31,58.909950
2023-11-01,59.653208
2023-11-02,60.982279
2023-11-03,61.477597
2023-11-06,60.811777
2023-11-07,61.693717
2023-11-08,62.798325
2023-11-09,61.514442
2023-11-13,61.721607
2023-11-14,63.129845
2023-11-15,62.432756
2023-11-16,62.947626
2023-11-17,63.367007
2023-11-20,63.584233
2023-11-21,63.595635
2023-11-22,63.814078
2023-11-24,63.309123
2023-11-27,64.043614
2023-11-28,64.159615
2023-11-29,65.017362
2023-11-30,63.969115
2023-12-01,65.464243
2023-12-04,65.151327
2023-12-05,66.582596
2023-12-06,67.495396
2023-12-07,67.165088
2023-12-08,66.501487
2023-12-11,66.401516
2023-12-12,66.635423
2023-12-13,67.891757
2023-12-14,69.783950
2023-12-15,70.158838
2023-12-18,69.563883
2023-12-19,69.815871
2023-12-20,70.435072
2023-12-21,69.836249
2023-12-22,69.606029
2023-12-26,69.737491
2023-12-27,70.845982
2023-12-28,70.486707
2023-12-29,69.887445
2024-01-02,69.297053
2024-01-03,69.667284
2024-01-04,68.724819
2024-01-05,67.804291
2024-01-08,68.277306
2024-01-09,68.172372
2024-01-10,67.952241
2024-01-11,68.194579
2024-01-12,67.974376
2024-01-16,66.845999
2024-01-17,66.745351
2024-01-18,66.090807
2024-01-19,66.212161
2024-01-22,66.666459
2024-01-23,66.013501
2024-01-24,65.697136
2024-01-25,66.035813
2024-01-26,66.047168
2024-01-29,66.832700
2024-01-30,67.180945
2024-01-31,67.874481
2024-02-01,69.284282
2024-02-02,67.888231
2024-02-05,66.428647
2024-02-06,67.108993
2024-02-07,66.895548
2024-02-08,66.350095
2024-02-09,66.251136
2024-02-12,66.262502
2024-02-13,65.292814
2024-02-14,65.411781
2024-02-15,65.747552
2024-02-16,65.434100
2024-02-20,65.553427
2024-02-21,65.027551
2024-02-22,65.252708
2024-02-23,66.349072
2024-02-26,66.030683
2024-02-27,65.606564
2024-02-28,66.052772
2024-02-29,66.283565
2024-03-01,66.848608
2024-03-04,66.526143
2024-03-05,67.544899
2024-03-06,67.898377
2024-03-07,67.795172
2024-03-08,67.692286
2024-03-11,67.703610
2024-03-12,67.148084
2024-03-13,66.711817
2024-03-14,65.733172
2024-03-15,65.853147
2024-03-18,65.539599
2024-03-19,65.767215
2024-03-20,65.670358
2024-03-21,65.790115
2024-03-22,66.347214
2024-03-25,66.029664
2024-03-26,66.259909
2024-03-27,66.712541
2024-03-28,66.946587
2024-04-01,65.527967
2024-04-02,65.110799
2024-04-03,65.122323
2024-04-04,65.561868
2024-04-05,64.825454
2024-04-08,64.731482
2024-04-09,65.272979
2024-04-10,63.812557
2024-04-11,63.721506
2024-04-12,64.145130
2024-04-15,62.829040
2024-04-16,62.541656
2024-04-17,63.152899
2024-04-18,62.862916
2024-04-19,63.075244
2024-04-22,63.086922
2024-04-23,62.998041
2024-04-24,62.510523
2024-04-25,62.127791
2024-04-26,62.533382
2024-04-29,62.843452
2024-04-30,62.457235
2024-05-01,62.966182
2024-05-02,63.178860
2024-05-03,63.799734
2024-05-06,64.016931
2024-05-07,64.339016
2024-05-08,64.039749
2024-05-09,64.465946
2024-05-10,64.062224
2024-05-13,64.177195
2024-05-14,64.604768
2024-05-15,65.355131
2024-05-16,65.366724
2024-05-17,64.953207
2024-05-20,64.754112
2024-05-21,65.081965
2024-05-22,65.093585
2024-05-23,64.788447
2024-05-24,64.905305
2024-05-28,63.978208
2024-05-29,63.174989
2024-05-30,63.692585
2024-05-31,64.114200
2024-06-03,65.169533
2024-06-04,65.929863
2024-06-05,66.376315
2024-06-06,66.497463
2024-06-07,65.210110
2024-06-10,64.799144
2024-06-11,65.445170
2024-06-12,66.102015
2024-06-13,66.880213
2024-06-14,67.561326
2024-06-17,66.901245
2024-06-18,67.358258
2024-06-20,67.034604
2024-06-21,67.046157
2024-06-24,67.169053
2024-06-25,67.404223
2024-06-26,66.416624
2024-06-27,66.647519
2024-06-28,65.787130
2024-07-01,64.421197
2024-07-02,64.849934
2024-07-03,65.602301
2024-07-05,66.260722
2024-07-08,66.381351
2024-07-09,66.066520
2024-07-10,66.295274
2024-07-11,66.965135
2024-07-12,67.198879
2024-07-15,66.436633
2024-07-16,67.330898
2024-07-17,67.454422
2024-07-18,67.019502
2024-07-19,66.589578
2024-07-22,66.273348
2024-07-23,66.285001
2024-07-24,65.648514
2024-07-25,66.090168
2024-07-26,66.646095
2024-07-29,66.988202
2024-07-30,67.221789
2024-07-31,67.793553
2024-08-01,68.717628
2024-08-02,70.614781
2024-08-05,71.235367
2024-08-06,69.792954
2024-08-07,68.863883
2024-08-08,68.643952
2024-08-09,69.235715
2024-08-12,69.717642
2024-08-13,70.085669
2024-08-14,70.577336
2024-08-15,69.868585
2024-08-16,70.237810
2024-08-19,70.731096
2024-08-20,71.230078
2024-08-21,71.364366
2024-08-22,70.521068
2024-08-23,70.895780
2024-08-26,70.785612
2024-08-27,70.554826
2024-08-28,70.566273
2024-08-29,70.336836
2024-08-30,69.751632
2024-09-03,70.598504
2024-09-04,71.462620
2024-09-05,71.969606
2024-09-06,71.856349
2024-09-09,72.242370
2024-09-10,72.631753
2024-09-11,72.769926
2024-09-12,72.275375
2024-09-13,72.538563
2024-09-16,73.057858
2024-09-17,72.813997
2024-09-18,71.942718
2024-09-19,71.581725
2024-09-20,71.469787
2024-09-23,71.235480
2024-09-24,71.246926
2024-09-25,70.649624
2024-09-26,70.903152
2024-09-27,71.158120
2024-09-30,70.683188
2024-10-01,71.424651
2024-10-02,70.703777
2024-10-03,70.234299
2024-10-04,69.299353
2024-10-07,68.846225
2024-10-08,68.627555
2024-10-09,68.410178
2024-10-10,67.967408
2024-10-11,67.866356
2024-10-15,68.672607
2024-10-16,68.914515
2024-10-17,67.897369
2024-10-18,68.021825
2024-10-21,66.806952
2024-10-22,66.818724
2024-10-23,66.611945
2024-10-24,67.061544
2024-10-25,66.634612
2024-10-28,66.428965
2024-10-29,66.549286
2024-10-30,66.888368
2024-10-31,67.119968
2024-11-01,66.041734
2024-11-04,66.810510
2024-11-05,67.483311
2024-11-06,65.747750
2024-11-07,66.618813
2024-11-08,67.177948
2024-11-12,65.991089
2024-11-13,65.470849
2024-11-14,66.013736
2024-11-15,65.811940
2024-11-18,65.717440
2024-11-19,66.156220
2024-11-20,65.953713
2024-11-21,65.752376
2024-11-22,65.870675
2024-11-25,67.509905
2024-11-26,67.189304
2024-11-27,67.644285
2024-11-29,68.556883
2024-12-02,68.568618
2024-12-03,68.125951
2024-12-04,68.705404
2024-12-05,68.946688
2024-12-06,68.843368
2024-12-09,68.284143
2024-12-10,68.069919
2024-12-11,67.299688
2024-12-12,66.544679
2024-12-13,65.911181
2024-12-16,66.029767
2024-12-17,66.148665
2024-12-18,65.522023
2024-12-19,64.595074
2024-12-20,64.813253
2024-12-23,64.208945
2024-12-24,64.424974
2024-12-26,64.437002
2024-12-27,63.839121
2024-12-30,64.357643
2024-12-31,64.267687
2025-01-02,64.178000
2025-01-03,63.886326
2025-01-06,63.597095
2025-01-07,63.013419
2025-01-08,63.025550
2025-01-10,62.548474
2025-01-13,62.463645
2025-01-14,62.379067
2025-01-15,63.368534
2025-01-16,63.779604
2025-01-17,63.791709
2025-01-21,64.207281
2025-01-22,64.016788
2025-01-23,63.526839
2025-01-24,63.738711
2025-01-27,64.662071
2025-01-28,64.469186
2025-01-29,64.379218
2025-01-30,64.698110
2025-01-31,63.996565
2025-02-03,64.617931
2025-02-04,64.835548
2025-02-05,65.996409
2025-02-06,65.902242
2025-02-07,65.492114
2025-02-10,65.294888
2025-02-11,64.891589
2025-02-12,64.085670
2025-02-13,65.222801
2025-02-14,65.548226
2025-02-18,64.728263
2025-02-19,64.843193
2025-02-20,65.061782
2025-02-21,65.804916
2025-02-24,65.922722
2025-02-25,67.115156
2025-02-26,67.566187
2025-02-27,67.028876
2025-02-28,67.588974
2025-03-03,68.268854
2025-03-04,67.389681
2025-03-05,66.963905
2025-03-06,66.867292
2025-03-07,66.447475
2025-03-10,67.325827
2025-03-11,66.792421
2025-03-12,66.373602
2025-03-13,66.815808
2025-03-14,66.504215
2025-03-17,66.731517
2025-03-18,66.960048
2025-03-19,67.189819
2025-03-20,67.311212
2025-03-21,66.887004
2025-03-24,66.146630
2025-03-25,66.265145
2025-03-26,65.852759
2025-03-27,65.444992
2025-03-28,66.405882
2025-03-31,66.955918
2025-04-01,67.733589
2025-04-02,67.524835
2025-04-03,68.090324
2025-04-04,69.003726
2025-04-07,67.112874
2025-04-08,65.730980
2025-04-09,65.638226
2025-04-10,64.207379
2025-04-11,64.320555
2025-04-14,64.841299
2025-04-15,64.956149
2025-04-16,65.485459
2025-04-17,64.876369
2025-04-21,63.774364
2025-04-22,64.086386
2025-04-23,64.603560
2025-04-24,65.230820
2025-04-25,65.554600
2025-04-28,66.091692
2025-04-29,66.636142
2025-04-30,66.434102
2025-05-01,65.600050
2025-05-02,65.093021
2025-05-05,64.694975
2025-05-06,64.911582
2025-05-07,65.335797
2025-05-08,64.730314
2025-05-09,64.742574
2025-05-12,64.146944
2025-05-13,63.660191
2025-05-14,63.376377
2025-05-15,63.982428
2025-05-16,64.194997
2025-05-19,63.906963
2025-05-20,63.522450
2025-05-21,62.367489
2025-05-22,62.667405
2025-05-23,62.776211
2025-05-27,63.765388
2025-05-28,63.481106
2025-05-29,63.988477
2025-05-30,64.000820
2025-06-02,63.320051
2025-06-03,63.430512
2025-06-04,64.336255
2025-06-05,64.449386
2025-06-06,63.562276
2025-06-09,63.772235
2025-06-10,63.983292
2025-06-11,64.195455
2025-06-12,64.915078
2025-06-13,64.318584
2025-06-16,63.731847
2025-06-17,64.543026
2025-06-18,64.555376
2025-06-20,64.466705
2025-06-23,64.681297
2025-06-24,65.101327
2025-06-25,65.113658
2025-06-26,65.331666
2025-06-27,64.933158
2025-06-30,65.665863
2025-07-01,65.678173
2025-07-02,65.276046
2025-07-03,64.878374
2025-07-07,64.283660
2025-07-08,64.096013
2025-07-09,64.812166
2025-07-10,64.926317
2025-07-11,63.930765
2025-07-14,63.844062
2025-07-15,63.462304
2025-07-16,63.474767
2025-07-17,63.487232
2025-07-18,63.597810
2025-07-21,64.204010
2025-07-22,64.617875
2025-07-23,64.128148
2025-07-24,64.041039
2025-07-25,64.452987
2025-07-28,64.065188
2025-07-29,65.083658
2025-07-30,64.790513
2025-07-31,64.802936
2025-08-01,65.634135
2025-08-04,65.750295
2025-08-05,65.971078
2025-08-06,65.670871
2025-08-07,65.683258
2025-08-08,65.282605
2025-08-11,65.397770
2025-08-12,65.000349
2025-08-13,65.524898
2025-08-14,65.024022
2025-08-15,64.630837
2025-08-18,64.442177
2025-08-19,64.857577
2025-08-20,64.971533
2025-08-21,64.680015
2025-08-22,65.097827
2025-08-25,65.008411
2025-08-26,64.919260
2025-08-27,64.830373
2025-08-28,65.147562
2025-08-29,64.753629
2025-09-02,64.264071
2025-09-03,64.979752
2025-09-04,65.400386
2025-09-05,66.242037
2025-09-08,67.209191
2025-09-09,66.899786
2025-09-10,67.233577
2025-09-11,67.678632
2025-09-12,67.365454
2025-09-15,67.594337
2025-09-16,67.715446
2025-09-17,67.618979
2025-09-18,66.983876
2025-09-19,66.676698
2025-09-22,66.477534
2025-09-23,66.913836
2025-09-24,66.607373
2025-09-25,66.725737
2025-09-26,66.526426
2025-09-29,67.176614
2025-09-30,66.974863
2025-10-01,67.094172
2025-10-02,67.428933
2025-10-03,67.225874
2025-10-06,66.704355
2025-10-07,67.035792
2025-10-08,67.155209
2025-10-09,67.167642
2025-10-10,68.154933
2025-10-14,68.277351
2025-10-15,68.069770
2025-10-16,68.744648
2025-10-17,68.534504
2025-10-20,68.769210
2025-10-21,69.117392
2025-10-22,69.242372
2025-10-23,68.805443
2025-10-24,68.706331
2025-10-27,68.941859
2025-10-28,69.178666
2025-10-29,68.520094
2025-10-30,68.091523
2025-10-31,67.885350
2025-11-03,67.680360
2025-11-04,67.910086
2025-11-05,67.165655
2025-11-06,67.715947
2025-11-07,67.620089
2025-11-10,67.524518
2025-11-12,67.970542
2025-11-13,67.656824
2025-11-14,67.238412
2025-11-17,67.358092
2025-11-18,67.263343
2025-11-19,67.168877
2025-11-20,67.395528
2025-11-21,67.623390
2025-11-24,67.961143
2025-11-25,68.082708
2025-11-26,68.424176
2025-11-28,68.107139
2025-12-01,67.360547
2025-12-02,67.373071
2025-12-03,67.492991
2025-12-04,67.183876
2025-12-05,66.877362
2025-12-08,66.678679
2025-12-09,66.796688
2025-12-10,67.020985
2025-12-11,66.927455
2025-12-12,66.308727
2025-12-15,66.425702
2025-12-16,66.647887
2025-12-17,66.555466
2025-12-18,66.883780
2025-12-19,66.685347
2025-12-22,66.488039
2025-12-23,66.605424
2025-12-24,67.039786
2025-12-26,66.840620
2025-12-29,66.958915
2025-12-30,66.865768
2025-12-31,66.562659
2026-01-02,66.366246
2026-01-05,66.483228
2026-01-06,66.391474
2026-01-07,66.823066
2026-01-08,66.520539
2026-01-09,66.848006
2026-01-12,66.755307
2026-01-13,66.767951
2026-01-14,67.203373
2026-01-15,67.215997
2026-01-16,66.804969
2026-01-20,65.983194
2026-01-21,66.409873
2026-01-22,66.736123
2026-01-23,66.959347
2026-01-26,67.183753
2026-01-27,66.878811
2026-01-28,66.681198
2026-01-29,66.693879
2026-01-30,66.497346
2026-02-02,66.198217
2026-02-03,66.210935
2026-02-04,66.120279
2026-02-05,66.756694
2026-02-06,66.769390
2026-02-09,66.782088
2026-02-10,67.535657
2026-02-11,67.122157
2026-02-12,68.206024
2026-02-13,68.546333
2026-02-17,68.668843
2026-02-18,68.352311
2026-02-19,68.474273
2026-02-20,68.268346
2026-02-23,68.499386
2026-02-24,68.512015
2026-02-25,68.524646
2026-02-26,68.867257
2026-02-27,69.212660
2026-03-02,68.560997
2026-03-03,68.573637
2026-03-04,68.367411
2026-03-05,68.162364
2026-03-06,67.850585
2026-03-09,68.404680
2026-03-10,67.766886
2026-03-11,66.928278
2026-03-12,66.731320
2026-03-13,66.535473
2026-03-16,66.966177
2026-03-17,67.084216
2026-03-18,66.781673
2026-03-19,67.320598
2026-03-20,65.974727
2026-03-23,66.502592
2026-03-24,66.204967
2026-03-25,66.735809
2026-03-26,66.332775
2026-03-27,65.831890
2026-03-30,66.564232
2026-03-31,66.889903
2026-04-01,66.589393
2026-04-02,66.915188
2026-04-06,66.823276
2026-04-07,66.731637
2026-04-08,66.848885
2026-04-09,66.757211
2026-04-10,66.665807
2026-04-13,66.782846
2026-04-14,67.109922
2026-04-15,66.912696
2026-04-16,66.508594
2026-04-17,67.042442
2026-04-20,67.055270
2026-04-21,66.963166
2026-04-22,66.871335
2026-04-23,66.675606
2026-04-24,66.792569
2026-04-27,66.493647
2026-04-28,66.506524
2026-04-29,66.107363
2026-04-30,66.120269
2026-05-01,66.235706
2026-05-04,65.737988
2026-05-05,66.158203
2026-05-06,66.582877
2026-05-07,66.286034
2026-05-08,66.504990
2026-05-11,66.208872
2026-05-12,65.711962
2026-05-13,65.724917
2026-05-14,65.839212
2026-05-15,64.848483
2026-05-18,64.664225
2026-05-19,64.285601
2026-05-20,64.985425
2026-05-21,65.097729
2026-05-22,65.410144
2026-05-26,65.826089
2026-05-27,66.042284
2026-05-28,66.362127
2026-05-29,66.272413
2026-06-01,66.285376
2026-06-02,66.503912
2026-06-03,66.311091
2026-06-04,66.529711
2026-06-05,66.131895
2026-06-08,65.941185
2026-06-09,66.157758
2026-06-10,65.966973
2026-06-11,66.800179
2026-06-12,66.605976
2026-06-15,66.618953
2026-06-16,67.047034
2026-06-17,67.059993
2026-06-18,67.387420
2026-06-22,66.876702
2026-06-23,66.993738
2026-06-24,67.848313
2026-06-25,67.861242
2026-06-26,67.767735
2026-06-29,67.887091
2026-06-30,67.370062
2026-07-01,66.756230
2026-07-02,66.665839
2026-07-06,66.575714
2026-07-07,65.974941
2026-07-08,65.886738
2026-07-09,66.001045
2026-07-10,65.912807
2026-07-13,65.523046
2026-07-14,65.736821
2026-07-15,65.749909
2026-07-16,65.662426
2026-07-17,65.977868
2026-07-20,65.487485
2026-07-21,65.301160
2026-07-22,65.115864
2026-07-23,64.931591
2026-07-24,65.043283
2026-07-27,65.453054
2026-07-28,65.766543
2026-07-29,64.686735
2026-07-30,64.602298
2026-07-31,64.034480
2026-08-03,64.433358
2026-08-04,64.934371
2026-08-05,65.045982
2026-08-06,64.568920
2026-08-07,64.875098
2026-08-10,64.303522
2026-08-11,64.413458
2026-08-12,64.426681
2026-08-13,64.731577
2026-08-14,64.355807
2026-08-17,63.792840
2026-08-18,64.092649
2026-08-19,64.978340
2026-08-20,64.600210
2026-08-21,64.226123
2026-08-24,64.626194
2026-08-25,65.227224
2026-08-26,65.141673
2026-08-27,65.056370
2026-08-28,64.775409
2026-08-31,64.496721
2026-09-01,64.316634
2026-09-02,64.329912
2026-09-03,64.536477
2026-09-04,64.646811
2026-09-08,64.562964
2026-09-09,64.286242
2026-09-10,63.441927
2026-09-11,63.643766
